{
  "anger": 6.8020186335403725,
  "contempt": 182.52083333333334,
  "disgust": 8.234022556390977,
  "fear": 78.22321428571429,
  "happiness": 0.3004458161865569,
  "neutral": 0.24917519908987487,
  "sadness": 6.367005813953488,
  "surprise": 4.660106382978723
}